天数,平台,角度,标题,行动
第1天,小红书,场景教育,99元以内，送一个会等到未来的礼物,评论扣1看免费预览
第2天,朋友圈,熟人转化,先做10个免费预览，适合生日和纪念日,微信私聊我
第3天,抖音,情绪共鸣,异地恋最贵的不是礼物，是有人认真记住今天,主页看制作器
第4天,小红书,客户问题,时间胶囊和普通电子贺卡有什么区别,评论区提问
第5天,视频号,真实演示,把一段话封到一年后打开是什么体验,微信联系
第6天,小红书,生日场景,朋友生日别再送香薰了,收藏+私信
第7天,朋友圈,限量试单,本周只做10个¥9.9未来信,微信下单
第8天,抖音,给未来自己,如果你现在很迷茫，给一年后的自己写句话,评论区留下年份
第9天,小红书,毕业场景,毕业礼物：我们约定五年后打开,私信毕业年份
第10天,知乎,问题回答,如何做一个低成本但有仪式感的礼物,主页预览
第11天,小红书,情侣纪念日,纪念日礼物怎么做才不像临时买的,微信咨询
第12天,视频号,制作流程,四步做一颗未来时间胶囊,免费预览
第13天,朋友圈,客户见证,匿名展示一个已授权案例,微信咨询
第14天,小红书,价格测试,9.9元能做到什么，19.9元多了什么,评论价格
第15天,抖音,异地恋,把今天的思念寄到下次见面,微信联系
第16天,小红书,给父母,给爸妈的一封信，十年后再打开,收藏
第17天,知乎,隐私问题,时间胶囊会不会泄露隐私,主页看说明
第18天,朋友圈,节日预热,下个节日的礼物可以先封起来,微信下单
第19天,小红书,道歉场景,有些话不用马上说，可以交给时间,评论区聊场景
第20天,视频号,倒计时展示,到日期才打开的网页长什么样,免费预览
第21天,抖音,闺蜜生日,闺蜜生日送一颗只有她能打开的胶囊,微信咨询
第22天,小红书,客户选择,未来信、记忆胶囊、双人未来信怎么选,私信版本
第23天,朋友圈,限量升级,前10单可升级记忆胶囊,微信下单
第24天,小红书,仪式感,年轻人为什么愿意为情绪价值买单,评论区讨论
第25天,知乎,产品逻辑,为什么不做普通AI文案，而做时间胶囊,主页看产品
第26天,视频号,发送教程,收到胶囊后怎么保存和发送密码,收藏
第27天,小红书,礼物对比,比起口红，我更想留下这句话,微信咨询
第28天,抖音,毕业季,毕业不是结束，是给未来寄一封信,免费预览
第29天,朋友圈,复购邀请,上一单客户可以加9.9元做第二颗,微信下单
第30天,小红书,总结复盘,做了30天未来邮局，我学到了什么,私信合作
